Pct,16,17,18,19,20,21,22,23,24,25,26,27,28,29,30,31,32,33,34,35,36,37,38,39,40,41,42,43,44,45,46,47,48,49,50,51,52,53,54,55,56,57,58,59,60,61,62,63,64,65,66,67,68,69,70,71,72,73,74,75
0.01,0,0,0,0,0,0,0,0,0,0,0,0,0,0,0,0,0,0,0,0,0,0,0,0,0,0,0,0,0,0,0,0,0,0,0,0,75,0,0,0,1,0,0,0,0,6,0,0,102,0,0,0,620,6305,0,1,0,0,0,7200
0.02,0,0,0,0,0,0,0,0,0,0,0,0,0,0,0,0,0,0,0,1,1,5,0,0,85,1,651,2,0,0,3302,28,2,606,20,754,3302,2,2000,1000,1931,113,6,1,1,1020,1,1,3800,25,0,1977,3600,12605,7700,2200,0,3680,8960,7940
0.03,0,0,0,0,0,0,0,0,0,0,0,0,25,10,1,225,10,1302,134,1390,2000,2000,522,2000,4221,918,2500,1500,100,540,5000,3000,2400,3726,4000,4400,5000,2505,4000,3001,6900,2600,2600,3500,2001,4250,3000,3122,6000,2000,4087,5205,8000,13281,11400,7074,780,9944,11244,8960
0.04,0,0,0,0,0,0,0,0,0,102,500,1210,2020,801,800,1500,1200,3000,1721,3600,4000,3500,2200,3500,6000,2810,5000,4002,3900,3520,7000,5000,4000,7000,7201,8000,7500,6100,7245,6077,8600,4010,4802,5100,5000,6000,5251,5000,9505,4180,7480,7507,10000,14940,14401,11632,5000,10092,12757,9071
0.05,0,0,0,0,0,1,1,0,30,1000,1701,3000,4484,2800,3000,3703,3600,5000,3600,6000,6402,5700,5000,5200,8020,5000,6360,5002,6000,5100,9100,6800,6093,8802,9300,9600,9380,8400,10000,10000,10110,6741,7200,6860,8001,8000,8500,7782,10500,6000,9000,10030,10500,16000,14938,14679,6942,14400,14402,10000
0.06,0,0,0,0,0,500,660,10,1000,2500,3525,4560,7000,5000,4800,5400,5500,7000,6454,10000,8006,7802,7028,7057,10000,8000,8500,8008,8100,7695,10002,9600,9000,10000,10782,10011,11302,12000,12000,11520,12013,7500,9000,9213,12000,10000,10000,9003,11742,8503,10704,13057,14073,16700,15226,15505,8268,14900,15433,13401
0.07,0,0,0,0,450,1000,1480,800,1502,4000,5000,5203,8200,6000,6400,7001,7000,8400,8000,11000,10150,9552,9021,8796,12000,10000,10001,11600,10011,9723,13000,11000,10149,12000,12013,12190,13730,14000,14000,13874,13201,9000,10111,10000,14500,10000,12000,10000,14284,10001,11632,15000,14804,18118,16790,17640,8982,15043,16189,13920
0.08,0,0,0,0,984,1711,1900,1502,3000,5000,6405,7000,9500,8400,7501,9600,9881,10002,10001,12000,12606,10125,10101,10332,14001,11655,12000,14000,12156,12001,15000,14000,12500,13000,13500,15000,15002,15021,15244,15040,14020,10002,12000,12000,15052,12000,14006,11286,15001,12055,12000,15374,15324,19451,16815,18279,11801,15988,16971,14520
0.09,0,0,0,0,1200,2310,2300,2402,4000,6120,8000,7800,10001,10420,9540,10700,11000,12000,11759,13656,14005,12800,12000,12001,15225,13003,14001,15000,14092,14276,16100,15363,14000,15000,15003,16000,16187,18150,17500,16000,16000,12000,13000,12500,16377,14382,15000,13213,16900,13202,13000,16500,16253,21000,17388,19099,14000,16224,18000,14569
0.1,0,0,0,0,1500,3000,3000,3100,5000,8002,9600,9600,11400,12000,11351,12924,12500,14001,12847,15000,15000,15000,13700,15000,17100,14942,15000,16002,16000,15000,18115,17501,15000,17000,16187,18565,17200,19200,18650,18400,18008,12800,15000,14402,18001,15026,16500,15443,17695,15000,14792,18000,16971,22064,18161,19720,15990,17007,18378,16071
0.11,0,0,0,1,2000,3010,3005,4000,6000,9260,10101,10700,12720,13640,12965,14100,14400,15006,15000,16676,16000,15529,15010,15100,20000,16000,17002,18000,18000,17000,20000,19200,17000,18805,19000,20000,19000,20000,19800,20000,20000,14500,16001,15388,20000,16434,18206,16560,19400,15770,16176,19451,18337,24000,20000,21257,17036,18000,19290,17088
0.12,0,0,0,100,2001,4000,4000,5000,7667,10001,11960,12000,14700,15000,14610,15000,15070,16871,15010,18000,17901,18002,17000,16601,20000,17001,18401,19000,20000,18616,20501,20000,19000,20000,20000,21000,20000,21000,20001,20001,20001,15121,18575,16800,20701,18000,20000,18000,20003,16815,19002,20000,20002,24510,21000,21398,17342,20001,19992,17960
0.13,0,0,0,565,2310,4312,4657,6000,8003,11400,12000,14000,16000,16000,15000,18000,16500,18000,16510,19000,18007,20000,18000,18000,20800,20000,20000,20000,20250,20000,22000,20004,20000,20002,20201,23000,20800,22010,21000,20757,21698,16659,20000,18003,22007,19046,21000,19200,20862,19000,20005,20328,21850,25797,22400,21888,19320,21701,21025,19589
0.14,0,0,1,790,3000,5000,5000,6019,10000,12004,12800,15000,17424,18000,15782,18620,18000,19280,18000,20000,20000,20000,18805,20000,22000,20000,20001,20001,22000,20208,23581,22001,22000,20800,22000,24005,22280,23400,22068,22015,22175,18720,21000,19520,23000,20000,22206,20001,21982,20001,21525,22800,22872,26002,23248,22500,20000,22779,21600,19868
0.15,0,0,15,1000,3000,5004,5010,7500,10000,13002,13500,15400,18012,20000,17000,20000,19106,20000,19271,20002,20017,20101,20000,20800,23701,21000,22000,22000,24000,23000,25000,23006,24000,22000,24000,25000,24000,24380,23000,23954,23956,20000,22011,20001,24002,20528,23890,21039,22416,21137,22000,23522,23598,26848,24070,23368,20600,23764,21909,19984
0.16,0,0,300,1326,3231,5468,5300,8000,10500,14402,14710,17000,19002,20000,18000,20000,20000,20100,20000,21004,21250,22000,20001,21502,24960,22000,24000,23125,25000,24000,25006,24001,25000,23402,24752,25001,24040,25000,25000,24840,24016,20821,23060,21180,24500,22000,24031,23000,23954,22369,23457,25000,25001,28200,25000,24012,21021,25000,24025,20330
0.17,0,0,500,1600,4000,6000,6000,8429,12000,15000,15050,18000,20000,20002,19480,20580,21000,22000,20001,24000,23000,23500,22001,22500,25002,24000,25000,24336,26000,25001,26010,25000,26002,25000,25000,25800,25000,25030,25000,25000,25000,22052,24010,22002,25020,23555,25000,24000,24598,23530,24497,25782,25685,29445,26020,24919,22335,25906,25045,20763
0.18,0,2,648,2000,4002,6019,6035,9100,12200,15510,16002,19000,20002,20802,20000,22007,22000,23820,21062,25000,24000,24400,24000,24575,26038,25000,25001,25000,27576,26003,28000,25009,27500,25020,26001,27046,25000,26400,26000,25010,25000,23001,25000,23000,26200,24100,26001,24417,25001,25001,25001,26600,26418,30188,27668,25006,22800,26802,26203,22241
0.19,0,120,800,2025,4480,6525,7000,10000,13001,16550,17400,20000,21000,22000,20000,23100,23010,24878,23000,25001,25000,25000,25000,25001,27560,25002,27001,25265,29117,27600,29000,27000,28001,26002,28000,28251,26000,28002,27000,26010,25753,24410,25001,24000,27668,25003,27010,25000,26000,25982,25525,27045,27727,30990,30000,25981,24400,27925,27794,23280
0.2,0,300,1000,2500,4807,7000,7267,10002,14010,18000,18148,20002,22000,23000,20805,24188,24001,25000,23864,26000,25006,25150,25000,26000,28500,26006,28000,27500,30000,28001,30000,28041,30000,27496,29002,29641,28000,30000,28000,27721,27000,25000,27000,24500,28005,26000,28100,25002,27560,26560,26667,29184,28201,31998,30010,26600,24850,29844,29380,23728
0.21,0,400,1000,3000,5000,7900,8000,11000,15000,18300,19242,22000,23000,24000,22802,25000,25000,26000,24070,27007,26000,27000,26000,27000,30000,27426,30000,29000,30002,29398,30000,29100,30000,29000,30000,30000,29000,30001,29001,29502,28000,25014,27630,25000,29235,27500,29504,26000,28176,28168,27672,30002,29200,32670,30753,26947,26000,30016,29776,23810
0.22,0,480,1101,3000,5002,8301,8000,12000,15000,20000,20000,22598,24065,24126,24000,25010,25001,27000,25000,29000,27000,28274,27416,28000,30000,28007,30000,30000,31000,30000,30005,30000,30051,30000,30000,30000,30000,31200,30000,30000,30000,26188,29502,25004,30000,28566,30000,28002,29881,29606,28340,31090,29767,33783,31507,28662,27600,33000,30001,24000
0.23,0,601,1274,3014,5200,9003,9000,12001,16000,20000,20000,24000,25000,25000,24871,26000,26000,28000,25900,30000,28000,30000,28560,29000,30000,30000,30002,30000,32000,30000,31400,30001,31118,30000,30025,31102,30000,32500,30001,30110,30000,28000,30000,26001,30175,30000,30095,29271,30001,30000,30000,32000,31000,34625,32580,29582,28467,34004,31278,25022
0.24,0,781,1500,3500,5901,9808,9131,13010,17000,20050,20983,25000,25000,25001,25000,27000,28000,28800,27000,30010,30000,30000,29600,30000,30120,30001,31000,30011,33000,30051,32020,31001,32500,30002,31200,32051,30030,33402,30505,31601,30000,30000,30102,27600,31790,30000,31020,30000,30225,30800,30300,34000,32402,35020,33600,30400,30000,34440,31405,27000
0.25,1,972,1600,3990,6000,10000,10000,14000,17750,21000,22000,25000,25025,25100,25200,28000,29998,29980,28000,30616,30000,30000,30000,30000,32000,30091,32000,31000,34000,31382,33289,33000,33800,30400,32003,34000,31735,35000,32001,32015,31000,30000,32000,29012,32100,31005,32000,30000,31000,32001,31899,34488,33990,35784,34182,31216,30001,34858,31918,28320
0.26,1,1000,1931,4000,6005,10512,10000,14426,18050,22000,23025,25480,26001,26000,27000,30000,30000,30000,29022,31999,30010,30012,30001,30021,32122,32000,33290,32000,35000,33000,34260,35000,35000,32000,33000,35000,33000,35910,34000,33000,31509,30712,33510,30000,34001,32000,32824,30732,33000,33210,32005,35001,35003,36781,35004,32250,30284,35000,32634,29861
0.27,5,1001,2010,4044,6503,11000,10011,15000,19002,22800,24000,26580,26788,27005,28000,30000,30001,30001,30000,32900,31100,31276,31004,31220,33200,33200,35000,33000,35011,35000,35000,35000,35020,32840,34691,35250,34000,37000,35000,34657,32570,32000,35000,30001,35000,32075,35000,31636,33800,34189,33069,35832,35310,37001,36162,33193,30590,37356,33336,30010
0.28,49,1010,2200,5000,7000,11400,10515,15001,20000,24000,24501,27200,28000,28000,28600,30000,30040,31050,30001,33025,32003,32502,32025,32093,35000,35000,35002,35000,36207,35000,35002,35696,36000,35000,35000,36300,35000,38655.59,35010,35000,34001,33000,35012,30649,35360,34000,35104,32500,35000,34995,34005,36930,35822,38840,36857,34367,31400,39624,33904,31740
0.29,200,1200,2401,5000,7009,12000,11000,15051,20000,24752,25000,28000,28777,29000,30000,30050,31000,32000,31002,35000,33222,34303,33000,34000,35000,35050,35225,35005,37433,35706,36000,36060,37001,35000,35140,38000,35600,39700,36020,35102,35000,35000,36400,32000,36001,35000,36020,34616,36000,35027,35004,38000,36558,40000,37950,34786,32603,39982,35532,32381
0.3,290,1252,2615,5000,7400,12001,11500,16000,20001,25000,25000,28810,29881,30000,30000,31000,32000,33001,32000,35000,34584,35000,35000,35000,35505,35980,37000,36120,38840,37026,36351,37800,38481,35200,36006,40000,36400,40000,38000,36001,35001,35000,37902,32582,37000,35601,37010,35050,37000,37743,35532,38309,37966,40130,38543,35532,34123,40250,36312,32843
0.31,401,1400,2812,5240,8000,13000,12000,17000,20020,25000,25800,30000,30000,30000,30022,32000,33000,34000,32500,35091,35000,35505,35072,35002,36500,36400,38000,38000,40000,38350,38000,39005,40000,37000,38025,40020,38001,40241,39001,37937,36000,35327,39000,34000,39130,36505,38560,36000,39001,39000,36349,40000,38280,41000,39010,36100,34835,41232,37500,34189
0.32,500,1500,3000,6000,8005,13001,12015,17480,20662,25006,26503,30000,30000,30007,31100,33000,34001,35000,34066,36700,35144,36600,36400,35500,38000,37552,39560,39005,40001,40000,39101,40000,40000,38600,39620,40680,39700,41602,40000,38520,37584,37000,40000,34600,40000,37600,39837,37620,40000,40000,37500,40695,40001,41764,40000,36776,35241,41598,38640,34341
0.33,600,1600,3000,6000,9000,13925,12632,18000,21218,26000,27043,30000,30006,30473,32000,34000,35000,35000,35000,38001,36600,38054,38000,36251,39522,38401,40000,40000,40402,40060,40000,40012,40030,40000,40000,42100,40000,42580,40000,40000,39000,37940,40000,35001,40010,38956,40000,38002,40040,41000,38211,41813,40900,42001,40065,37268,35867,43012,39601,36349
0.34,660,1680,3000,6000,10000,14000,13000,18505,22000,26580,28000,30060,30721,32000,32356,35000,35000,35040,36000,39350,38000,39006,39286,37002,40000,39335,40100,40001,42000,41000,40002,42000,41904,40150,40015,44101,40001,45000,40500,40000,40000,39000,40100,36204,40766,40000,40010,39203,41782,42110,39285,42595,42000,42549,42013,38013,36002,43228,39743,38051
0.35,720,1800,3102,6300,10002,14401,13010,20000,22350,27000,29000,31541,31500,33001,33500,35001,35025,36000,36061,40000,39000,40000,40000,38105,40001,40000,42000,41000,43000,42412,40650,43541,42024,41600,41000,45008,40015,45075,41600,40001,40062,40001,41000,37440,41602,40100,40916,40000,42811,42944,40000,44205,42802,43474,43157,39879,36054,43990,40000,39920
0.36,805,2000,3500,7000,10258,15000,14000,20000,23244,28000,30000,32209,33000,34000,34560,35900,36145,37005,37150,40012,40000,40011,40001,39940,40137,40201,42350,41600,44000,44255,41301,45000,43828,42000,42001,46000,42000,46003,43000,40252,40400,40041,41820,39281,42041,40620,42000,40009,43026,44350,40005,45000,45002,43752,43394,41000,37012,45018,40182,40246
0.37,1000,2000,3605,7000,11002,15000,15000,20000,24000,28120,30000,33280,33600,35000,35000,37000,37664,38000,38001,40805,40002,40500,41000,40000,41605,41002,43001,42938,45000,45000,42000,45021,45001,42977,43688,47000,42050,48000,45000,41600,41601,41040,42632,40000,43020,42001,42247,41601,44920,45010,40225,45582,46879,44628,44130,42376,38262,45680,42013,40502
0.38,1000,2000,4000,7300,12000,15000,15000,20001,24845,29011,30000,34415,35000,35010,35156,37602,38701,39000,39171,41792,40503,41999,42100,40002,43601,42500,45000,44251,45050,45241,42802,46001,46000,45000,45000,48766,43400,49000,45954,42020,42121,42000,44400,40220,45000,43111,42665,43297,45002,46061,41208,48000,48771,45000,44680,43002,40000,46240,42312,40630
0.39,1110,2001,4000,7600,12000,15010,15000,20005,25000,30000,30020,35000,35001,36000,36002,38420,40000,40000,40000,42774,42000,42412,43500,40553,45000,44000,45001,45000,46032,46990,44016,47400,47000,45405,45002,50000,44310,50000,47000,43101,44200,42480,45000,40700,45050,45000,44000,45000,45320,47130,44001,49381,50121,46000,45789,43481,40892,47949,43000,41146
0.4,1200,2081,4002,8005,12500,15418,15001,20400,25000,30000,30900,35000,35100,37001,37005,40000,40001,40001,40001,44720,42400,44501,45000,42000,45201,45000,45035,45423,47455,48000,45002,49000,48000,46201,46000,50000,45011,50000,47384,44160,45000,43600,45010,41752,47001,45407,45018,46009,46311,47834,45002,50000,50240,46055,46577,44856,42204,49450,43044,41253
0.41,1301,2345,4500,9000,13000,16000,15100,21000,25210,30000,32000,35022,36001,38000,38000,40000,40024,40068,40360,45005,44031,45006,45000,43800,46501,45290,47002,46394,48200,49100,46005,50000,48500,48275,47000,50009,46073,50008,48400,45000,45300,45000,45900,42800,48385,46721,46330,48001,48000,48853,46000,50013,52303,47802,47370,45360,42352,50001,44400,41802
0.42,1408,2500,4676,9000,13500,16052,16000,21002,26000,30000,32508,36050,36700,38400,40000,40001,40801,41006,41000,46000,45000,45748,45914,45015,48000,46505,48232,47360,50000,50000,47006,50001,49902,50000,48000,50618,47001,50127,49568,45501,46051,45003,47203,44601,49001,48270,47800,49851,49000,50000,48000,52216,53930,48433,47600,46589,44158,51358,44992,42500
0.43,1451,2500,4860,9501,14095,17000,16313,22000,26936,30002,33006,37002,38000,40000,40000,40101,41501,42000,42000,47400,45180,47304,46807,45803,49100,48000,50000,48938,50001,50020,49500,50195,50000,50030,49001,51312,49002,51045,50000,46604,47500,45701,48024,45053,50000,49900,49035,50000,50000,50130,49815,53226,55000,50000,48936,47401,45611,52216,45181,43836
0.44,1500,2640,5000,10000,15000,17601,17002,22300,27000,30056,34250,38000,38400,40002,40002,41000,42205,43000,43400,48701,47000,48302,48000,47050,50000,49500,50001,50000,50060,50519,50000,52000,50005,50701,50000,53000,50000,53000,50008,48001,49000,47000,49612,45740,50020,50011,50000,50400,50002,51101,50001,54004,55325,50230,49800,48010,46560,53506,45298,46928
0.45,1505,2813,5000,10000,15000,18000,18000,23002,27500,31000,35000,38506,40000,40104,40395,42000,43771,43963,45000,50000,48010,49600,49255,49000,50001,50000,50380,50001,51065,51842,50045,53001,51005,51980,50001,54027,50001,54512,50300,50000,50000,47600,50002,46350,51500,50541,50000,51850,50230,52035,50512,54616,55782,51260,50002,50000,48881,53950,46520,51001
0.46,1612,3000,5005,10001,15000,18105,18562,24000,28002,31752,35001,40000,40000,41020,41101,42095,45001,45000,45680,50000,50000,50000,50000,50000,50203,50002,52000,50068,52225,52500,50661,55000,51805,52505,50125,55003,50200,55038,51250,50010,50420,48217,51000,47743,53001,51420,50056,52900,51480,52811,51392,55944,57328,55248,50141,51000,48937,56798,48150,51600
0.47,1800,3000,5400,10207,15007,18720,18900,24002,29002,32002,35050,40000,40001,42000,42260,43103,45160,45096,47000,50010,50001,50021,50001,50002,51512,50201,52057,50601,54000,54100,52000,55010,53342,54075,51993,56000,51153,56004,52010,50501,51812,50000,52002,48695,54039,52016,50800,55000,52103,54601,52600,56886,57948,56002,51311,51702,49901,57285,49900,51631
0.48,1900,3000,5816,10600,15601,20000,19500,25000,30000,33035,36000,40000,40500,42190,44000,45000,46001,46702,48000,50400,50201,51000,50266,51000,52525,51000,54002,52504,55001,55010,53656,56000,55000,55100,52500,57501,52401,57000,53059,51200,53000,50000,53000,50000,55000,54000,52000,56000,53650,55777,53033,58451,59344,58794,52000,52603,50002,58005,50000,52182
0.49,2000,3001,6000,11002,16000,20000,20000,25000,30000,35000,37007,40020,41012,43611,45000,45003,47579,48000,49000,51300,51090,51700,51001,52069,53592,52000,55000,55000,55600,56500,55000,58000,55501,56286,54110,59004,54686,58201,55000,52757,54000,50352,53850,50000,55920,55230,53055,57397,54784,57133,54074,58909,59684,59793,54200,54410,51001,60407,50043,52610
0.5,2000,3013,6000,11515,16479,20000,20000,25000,30000,35000,38000,41001,42002,45000,45003,45704,48002,49000,50000,52776,52010,52103,52000,53100,54896,53119,56000,55100,58000,57000,55950,60000,56875,58301,55002,60001,55884,60000,56022,55000,55350,52000,55000,50033,57000,56438,54001,59801,55650,58000,55028,59830,60028,60082,54800,54953,53340,60792,50100,53432
0.51,2000,3110,6007,12000,17001,20000,20002,25001,30005,35006,39002,42030,43349,45000,45170,46576,50000,50000,50000,54002,53561,54013,52400,55000,55001,55000,57845,56200,60000,59122,56750,60001,58386,60000,55101,60210,57353,60020,57019,55925,56000,53500,55351,51113,59603,57136,55000,60010,57785,58606,56420,60005,60445,61256,56657,55783,56660,61680,52303,55111
0.52,2000,3333,6277,12100,17501,20002,20200,25601,30100,35610,40000,43101,44001,45096,46110,47002,50001,50003,50082,55011,55001,55001,55000,55201,56015,55504,60000,58000,60000,60000,58002,60022,60000,60500,58000,61150,59006,60391,58970,57604,57005,55000,56000,52002,60020,59451,55751,60800,59000,59702,57978,60445,60943,63005,58165,56182,58400,63203,54000,55462
0.53,2042,3501,6500,12500,18000,20610,21200,26010,31000,36650,40000,44052,45000,46038,47951,48240,50003,50500,51000,56000,56020,55162,55201,56045,58000,56636,60410,59157,60125,60020,59032,60620,60000,62000,60000,63520,60000,62037,60000,60000,59307,56000,58046,53602,60400,60011,57294,62000,60000,60000,60000,61524,62085,64320,59702,57984,58794,64600,55000,56324
0.54,2125,3510,6507,13000,18000,21000,22000,27000,32000,38000,40042,45001,45100,48000,49082,50000,50136,51800,52000,57251,58000,56760,56800,58002,60000,57704,62000,60000,60644,60500,60000,62000,60003,64015,60006,65000,60005,64630,60008,60070,60000,57720,59183,55000,62600,61003,59200,65001,60017,60017,60044,63014,63893,65001,60495,60302,59789,65116,57267,57100
0.55,2296,3800,7000,13822,18900,21501,22005,27500,33000,39311,40500,45045,46200,49400,50000,50000,51001,53101,52825,58250,59500,58051,59504,59368,60000,59005,63961,60052,62150,62002,60205,63930,62001,65016,60210,65739,60500,65100,60692,62000,60032,59000,60012,56000,64848,62400,60000,65052,60611,60802,60745,65000,65001,67030,61565,62105,60350,65499,59011,57161
0.56,2410,4000,7000,14000,19762,22000,23001,28000,33800,40000,41012,46004,47355,50000,50001,50026,51700,55000,54534,60000,60001,60000,60000,60000,60160,60000,65002,62000,64000,64152,61000,65000,64400,65502,61006,68899,62000,66111,62000,64000,61020,60004,61000,58001,65034,63000,60100,66835,62449,61542,62080,67001,66291,68058,62583,62978,62001,68300,59496,57288
0.57,2500,4010,7013,14618,20000,22000,24000,28700,35000,40000,42000,46702,48001,50001,50172,50285,52505,55021,55230,60000,60100,60006,60010,60020,61210,60061,65765,62550,65100,65902,62500,66203,65420,66985,62001,70005,63500,67100,64504,65001,62800,60351,62000,59200,67012,65000,61234,67800,63602,63097,63631,67584,68450,68400,63120,64841,64470,71167,61382,58640
0.58,2500,4400,7945,15000,20000,22750,24500,30000,35000,40011,42401,48000,49005,50145,51201,51021,54030,56000,56055,60009,61200,60315,60416,61000,62510,61100,68000,65001,66676,68000,64748,68241,67501,68465,64000,71033,65001,68800,65002,66000,63520,61648,63015,60001,68205,65776,63361,70017,65000,65000,64159,69504,71719,70100,64480,65401,65502,75645,62220,59000
0.59,3000,4682,8000,15000,20000,23150,25000,30000,35000,40300,43605,49399,50000,51000,52010,52005,55001,57000,57223,61300,62513,61207,62050,62400,63850,62200,69600,65884,68800,70000,65205,70000,70000,70000,65001,73006,66003,70005,67000,69150,65006,63792,65000,60011,70000,67884,66278,72000,66900,65851,65022,70002,72314,72012,65881,67382,65914,79445,62320,61745
0.6,3000,5000,8501,15230,20001,24000,25000,30002,35083,41000,45000,50000,50000,52000,53030,53062,56000,58060,58241,63007,65000,62401,64012,64900,65007,63503,70352,66602,70001,70210,67000,70100,70165,70101,67284,75000,68038,70572,70002,70272,65500,65005,66000,61501,70997,70000,68002,73003,68220,66530,67000,72905,73425,73800,66755,70000,68246,80672,63384,63377
0.61,3000,5000,8960,16000,20730,24187,25000,31000,36000,42000,45001,50001,50010,52650,55000,54240,57501,59810,60000,65000,65200,64200,65102,65100,65800,65002,71775,67601,70105,72500,68502,71202,71790,71803,70000,75400,70000,73000,70206,75000,68320,67614,68058,62502,72610,70003,70000,75000,70350,68046,67960,73510,75000,74666,67887,72000,70385,81013,64020,63389
0.62,3001,5000,9000,16000,21002,25000,25035,32000,36202,43000,45202,50039,50080,53502,55061,55002,60000,60002,60000,65156,67001,65200,66523,66340,67006,65668,72617,70001,71062,74011,70000,73200,74298,72500,70007,76550,70200,75000,72206,75305,70000,69500,70000,64866,75003,70503,70375,77003,71220,70030,70000,75000,77580,76782,68965,72436,72000,82380,64982,65856
0.63,3300,5000,9183,17000,21750,25000,26000,32025,37319,44010,47000,50355,51020,55000,56101,55401,60001,60075,60200,66857,68682,67009,68010,68002,68002,67506,74015,70081,73204,75115,70401,74250,75000,75000,71010,78661,71150,75026,75000,77040,70803,70550,70515,65523,75840,73006,72002,78500,74203,71000,70800,75699,78582,78194,72600,74395,72121,83516,65583,67182
0.64,3500,5000,10000,17500,22001,25000,27225,33501,38000,45000,48000,52005,52002,55215,57780,56139,60035,60850,62000,68005,70001,69211,69603,70000,70000,70000,75100,72221,75150,76022,71016,75060,75655,75310,73451,80116,73006,76162,75009,79202,72758,72000,72000,67900,77005,75000,73504,80030,75115,72135,73291,77269,80001,79085,74496,77710,73496,85215,68041,73999
0.65,3600,5004,10000,18000,23000,25001,28005,35000,38541,45120,49001,52519,53040,56163,59000,58102,61100,62300,63102,70000,71250,70000,70000,70100,70460,70001,76025,74540,77005,79800,72081,77501,77601,76713,75015,82002,75000,80000,77715,80767,75005,74310,73259,69700,80036,75124,74575,81140,78902,75025,75001,79115,80175,79692,76175,80000,73792,87733,72012,76280
0.66,4000,5320,10000,18680,23038,25511,29002,35000,40000,45600,50000,54000,54902,58003,60005,60000,63005,64000,65000,70086,72710,70408,71001,71318,72004,70415,77283,75538,78772,80001,75000,80000,80000,78875,76040,84641,75075,80005,80000,82771,76811,75155,75070,70105,81000,77300,76251,82205,81002,76200,75645,79626,81001,81000,76964,80513,75699,88776,74265,76818
0.67,4000,5700,10002,19163,24000,26278,30000,35001,40000,46814,50000,55001,55011,60000,60211,60010,65000,65000,65003,72005,74510,72003,72300,74885,74002,72000,80000,77900,81000,82030,76001,80029,80500,80045,77701,85111,77030,80728,80400,85000,78800,77040,77045,72000,82548,80000,80005,85205,84750,77990,78338,80566,82792,83404,79100,81755,79031,90025,74684,77822
0.68,4000,6000,11000,20000,25000,27000,30000,35270,40037,48011,50021,55260,55660,60001,62024,60300,65250,65100,66788,75001,75112,74000,74501,75501,75096,75000,80416,80000,83105,84301,80000,81210,82015,82000,79040,88000,80000,84000,82500,85255,80002,80000,80000,75000,85502,81775,82001,89097,89462,80000,79301,82257,85000,85000,80230,89160,82189,93146,75027,77955
0.69,4080,6000,11215,20000,25000,28000,30021,36027,41001,49500,50600,56865,56590,60120,64005,61350,67225,67324,68301,75800,76871,75524,75402,77006,76703,75600,81881,80201,85053,85385,80255,85001,85000,85006,80602,90003,80503,85501,85000,88524,81000,80504,80041,75200,88000,84476,85150,90501,92001,81045,80011,85830,87000,86000,80782,91238,84331,99602,77990,78250
0.7,4550,6004,12000,20774,25000,29000,30143,38000,42921,50000,51900,58000,58988,61010,65004,62605,69200,70001,70016,78012,79817,77050,77200,80000,79002,77702,84807,82004,88011,89000,83005,86443,88102,87003,82498,90502,82700,88031,87115,91006,83020,82504,82025,78000,90000,86512,87302,92405,95430,84011,80250,87120,89246,90017,82290,92590,85618,100800,78401,80794
0.71,4860,6241,13000,21446,25064,29100,31501,38053,43096,50035,52881,59000,60000,62300,65800,64612,70181,70150,71231,80000,80119,78250,80001,81030,80115,80000,86310,85012,90774,90226,85010,89704,90200,90310,85000,94220,85000,90011,89412,92800,85711,86000,84060,80000,90536,90001,89906,95000,98150,85000,81283,87889,94001,90492,84671,99021,88751,102406,79784,81175
0.72,5000,6840,13015,22000,26000,30000,32010,38600,44500,50500,54010,60000,60002,62900,68001,65003,72250,72025,73000,80531,81626,80000,81167,84425,81601,80366,90000,87276,93201,91090,86460,90201,91175,93014,86001,97020,86020,92230,90195,96210,88662,90000,85045,81605,93029,90449,90612,98465,100000,86100,82303,90002,95782,91181,87600,101923,91823,103600,87146,81695
0.73,5000,7000,14000,22001,26010,30000,32501,40000,45000,51765,55126,60003,61200,65000,70001,66205,75000,74040,75114,84010,83063,80900,84000,85612,83765,82378,91703,90000,96005,95031,89720,92930,93446,96005,89030,99003,90010,95110,92221,98776,90152,91055,87033,83626,95415,93025,92000,100251,100250,87000,84586,92531,97696,93222,90962,102024,95650,105600,92789,82743
0.74,5002,7300,14005,22364,27000,30000,33602,40001,45025,52582,57000,60200,64000,65300,70526,68959,75512,75045,77383,85043,85153,84000,86011,89003,85547,85020,94040,92004,98062,98001,90800,95100,96040,98400,90284,100010,91160,97759,95300,100035,92402,93072,90010,86002,97402,96206,95001,102010,101400,89793,88564,94102,100043,95942,92826,106506,98400,108378,99582,83892
0.75,5512,7500,14820,23000,27516,30001,34320,40033,46401,55000,58000,61600,65000,67310,73321,70002,77060,76255,78003,87055,87006,86000,89610,90301,87855,89404,97000,95000,100004,100012,92403,97761,100000,100000,93010,100500,95000,100001,97300,101000,94050,96000,92500,88003,100006,100001,96301,104138,103001,90541,90500,97349,100790,100011,95751,108842,100000,109050,102005,87301
0.76,6000,7900,15000,23920,28005,30011,35000,41000,48005,55200,59000,63045,65506,70000,75000,70100,80000,78700,80035,90001,90000,90000,91002,95050,91004,91711,100000,96615,100150,100672,95161,100000,100024,100351,96065,102000,98000,101000,100001,103200,98500,99876,95105,90627,100100,100721,98466,105828,105300,95249,94602,100014,106135,102117,100000,111580,103054,112616,111180,89082
0.77,6004,8000,15002,24020,29002,31000,35000,42000,50000,57400,60001,64500,68500,70417,75270,72000,80328,80001,81400,93994,92001,91282,93772,98001,94636,95808,100312,100000,102000,103000,97751,100200,101005,102104,100000,105425,100000,103400,101016,105061,100002,100026,96520,94028,101012,102031,101100,109745,110001,95959,96485,100515,110027,103843,101099,115341,107021,113341,113405,90354
0.78,6240,8405,15600,25000,30000,32000,35047,43010,50001,59065,61010,65005,70005,72010,77654,74100,82315,80532,84037,95100,95005,95400,95562,100024,97070,99030,101780,100200,104800,105510,100000,102000,103006,105720,100163,109046,100190,107080,103013,109000,101000,101004,100000,97051,103099,103127,104500,110096,113199,99958,98101,102193,112096,106341,103404,120782,110060,119105,114181,91244
0.79,6962,9005,16001,25000,30000,32640,36000,45001,50025,60000,62745,66002,70555,74030,80000,75030,85000,83030,87000,99000,96649,98060,100000,101308,100001,100002,105012,102100,106780,109500,101001,105004,106001,110030,101002,110900,101080,110007,108807,110800,103600,104050,100760,100020,107011,106500,108002,112000,117217,101750,101542,110000,117571,112038,107011,122426,113600,123877,116932,93703
0.8,7000,10000,17000,25006,30000,34000,37002,45720,51001,60001,65010,68000,73001,75000,80200,80000,86000,85020,90012,100001,100000,100078,100336,103000,100710,100425,110405,104702,110101,111130,103270,110001,109307,112000,105382,114780,103351,115000,112012,112278,106000,107000,102261,102050,111005,109060,110202,115371,121852,104827,105375,116928,123255,115885,109029,126650,115206,129032,127283,97010
0.81,7500,10000,18000,26004,30000,35000,38100,48007,52004,60030,66901,70180,75000,77061,81402,81510,88040,86001,93251,101910,100101,100800,104000,105010,103305,103146,114012,110006,115002,117001,106350,113520,110795,116156,108831,119331,106100,118504,119331,119800,109013,110011,105500,106011,114977,113011,114001,120040,124321,110013,107902,119051,126210,118401,112841,132945,125167,129572,134422,100000
0.82,7800,10002,19000,27005,30005,35000,39506,50000,55000,60923,69800,72000,75510,79651,85270,85012,90401,90003,96850,105000,103100,105003,107951,108100,108452,107500,120100,112575,119091,120221,110036,117140,115000,120029,113005,123260,112001,120150,124002,121060,110501,113526,110634,110052,120020,116018,117860,125079,125015,114651,110096,124564.88,127095,122037,114925,137267,128000,131125,144434,100800
0.83,8700,10400,20000,28001,30101,35001,40000,50003,55020,63700,70122,74700,80000,80050,88000,88020,96100,91002,100000,110003,105265,108120,111350,111820,110150,110179,121503,117505,120602,125000,115005,121426,118852,123000,120000,127605,116310,125002,127005,126058,114641,118005,114088,113000,125000,118701,120000,128175,130002,117401,110990,127073,128590,124983,117766,142200,131300,132688,147521,107200
0.84,9984,11003,20003,29500,32000,35010,40005,51810,57000,65100,71615,75500,81010,82534,90175,90300,100006,94739,100505,114001,111004,111451,116201,116004,115001,116371,125250,122715,124402,128800,120000,125052,120505,128351,122001,131497,120003,130000,131801,130353,120002,120975,118502,118500,128953,124321,125022,131006,137026,120229,120000,133279,134200,126315,121581,146553,142792,134809,151495,107902
0.85,10000,12000,21160,30000,33700,35201,41600,52776,60000,67500,72505,79046,85125,85000,92502,94265,101540,98070,103000,117500,114200,115005,120100,120004,120045,120226,130026,128508,127930,130801,124000,128388,124755,131000,126000,135061,124370,133353,140001,135061,121043,125210,122050,125475,132003,130000,134060,139325,140005,124002,123400,135025,142650,131287,126212,153025,142898,143246,156006,109000
0.86,10100,13000,21900,30001,34500,37003,43000,55000,60000,70000,75000,80151,86010,88065,95400,100000,105030,100375,109004,120101,120000,120000,124000,122010,124402,124000,136200,131001,130718,135500,125604,135125,130000,136810,130351,142587,130000,137320,145000,140814,125000,128225,125024,130302,140210,137002,140367,145159,146116,129612,125451,142953,148412,141002,131188,157751,147189,156751,157782,111472
0.87,10700,14000,23000,31002,35000,38501,45000,56057,60107,70522,77007,84000,90001,90164,98984,100751,110000,105820,110133,122500,121001,121010,130002,125253,127775,127170,140101,136730,135125,142174,130021,140777,132425,140004,137100,150001,132494,148400,150000,150012,130159,131043,130003,138400,147952,142500,149001,150000,150000,135072,130128,150691,149999,150100,141394,160241,155558,170491,178450,114274
0.88,12000,15001,23400,33000,35901,40000,46500,58300,61201,72504,80011,85119,92021,95002,100189,105001,112850,110201,115001,125450,125155,125100,133205,130006,130920,133360,147420,141400,140250,150000,134000,150000,137205,141537,142000,150725,137040,151305,153215,155011,133101,140100,135856,146451,150386,151450,152030,152500,150957,141218,133910,154455,156480,155600,142204,160470,169614,175227,179550,116932
0.89,14280,16001,25000,34001,37698,40005,48006,60000,62805,75035,82209,90090,98450,100000,102800,109800,116016,114350,120000,130110,128016,130903,140071,134610,135960,141270,153011,148925,149010,153101,140000,151523,145013,145002,151000,155010,140777,157000,162796,160000,143260,155000,144000,150550,158000,162004,158760,156895,156480,144662,140020,160000,160400,163214,154527,162552,182296,185120,180790,133788
0.9,15000,17610,25001,35000,40000,41820,50000,60101,65000,76011,86102,91800,100100,100400,108530,111100,120500,120202,122210,133504,131131,137060,150110,145000,140669,150012,162051,152725,150168,160001,147038,156500,150155,150500,159403,160822,150022,163625,170000,165240,151200,162002,150000,161101,160790,170051,163012,168000,167612,152095,153790,165000,175627,168740,164400,176282,193600,205285,188411,146051
0.91,15002,19200,27000,35100,40902,44000,50100,63002,66001,80000,90010,95080,101403,107508,115000,115508,123500,125111,130000,142000,145807,148145,151570,151050,150000,152000,169012,160010,155005,165850,150210,165001,159409,155900,162450,172500,157000,175000,180100,175401,157176,175400,151730,170002,170282,180000,175000,181266,179250,168811,161175,180005,181351,180208,173007,186552,199059,213401,196000,159010
0.92,17000,20301,30000,36400,44002,45200,55105,68011,69721,81360,92103,100204,106700,112500,120050,121140,130100,133201,137001,150040,150601,150903,158010,156000,152000,159025,179200,170005,161002,177647,158010,175130,166005,165651,175400,180100,171100,187610,187216,186760,165280,185506,157662,179004,178672,183320,190103,200000,200011,174200,170750,185840,200405,183368,189500,190105,200405,221000,199285,164424
0.93,18088,25000,30000,39200,45200,48000,58000,70221,75002,87001,96138,104000,113002,121212,127200,125010,138002,140781,145100,155025,160001,163605,170002,169120,156011,171411,185334,176132,180772,191800,170002,189101,184860,180300,187946,199526,180010,205201,200120,202006,180150,206615,165280,195040,188802,200000,202505,208000,208411,183881,175669,212988,218607,190491,213401,203911,212573,228875,200185,170787
0.94,21000,25014,30002,40000,49124,50001,60052,74017,80001,90002,100006,111452,120050,130001,134150,130650,145921,147600,151650,166260,170301,178891,186006,180300,172000,185009,200000,190562,190201,200588,200001,205005,200102,200000,200004,214075,191075,230000,209660,219021,197001,220576,180506,204025,201010,206615,218015,225428,219400,200450,197406,226575,230053,203000,220950,214050,220900,252583,214418,177013
0.95,23000,28000,33000,41100,50320,53361,62250,77064,85000,95951,104600,120039,127009,140001,145506,144255,154695,152510,167210,179479,184001,185000,200500,200201,186002,200105,208206,202641,200765,211415,213017,233993,207003,208002,207616,232965,200588,245720,221820,231550,215270,240550,200000,230011,217501,218690,238008,240021,249050,214529,212573,235657,247901,215302,236422,241301,237225,256400,254432,180050
0.96,26000,32501,35100,46786,57000,57000,69000,80041,90002,102061,120001,130200,135200,154000,158540,160406,172436,169502,185512,198561,200401,205500,224000,220709,200199,212999,235359,220205,219719,242504,244750,251236,222400,230450,226499,253052,225002,266160,250005,252510,240212,255016,216154,246000,245040,237020,300262,276600,285451,246002,228697,270692,256401,221582,255153,304444,247099,265300,254432,231447
0.97,30000,40001,40000,50000,64000,62000,74000,85200,100027,110801,130200,147403,150011,169066,197400,180296,200000,192010,211650,212332,215837,225000,255350,250000,225250,242041,260130,250515,242521,290875,271300,299012,247500,261078,250000,302153,268541,315000,265100,293250,256000,315015,240505,297510,264503,272582,394001,372000,323065,270875,275000,322002,278001,237773,308002,322002,260412,266400,296000,266638
0.98,32501,50061,47400,60000,70000,75000,80000,90001,120080,124025,155770,162115,170000,189076,231569,200310,205952,223536,263406,258000,266000,250000,300150,300000,254530,300150,328007,314001,300000,328608,350000,335634,310001,315285,308900,361002,328000,402556,315000,347007,326511,394001,307900,350211,326002,352510,481341,418694,427001,348401,424291,430002,353014,288425,348050,376400,337660,329732,347020,338054
0.99,45000,79000,65002,71001,80004,83002,93691,100005,149501,160201,237507,203551,217172,240001,338500,252670,320900,296000,406001,347103,391451,304027,433410,395509,330011,576004,467203,545563,422200,421905,445201,423000,405395,500040,403724,491280,430952,590000,501053,501500,493229,592501,437022,480815,435000,488500,725754,620201,625172,484120,568650,688347,412806,437201,474201,978626,406000,467016,542000,441200